<metadata xml:lang="en"><Esri><CreaDate>20140708</CreaDate><CreaTime>14595000</CreaTime><ArcGISFormat>1.0</ArcGISFormat><SyncOnce>TRUE</SyncOnce><ModDate>20140708</ModDate><ModTime>15013500</ModTime><scaleRange><minScale>150000000</minScale><maxScale>5000</maxScale></scaleRange><ArcGISProfile>ItemDescription</ArcGISProfile></Esri><dataIdInfo><idAbs>&lt;DIV STYLE="text-align:Left;"&gt;&lt;DIV&gt;&lt;P&gt;&lt;SPAN&gt;It contains the following :&lt;/SPAN&gt;&lt;/P&gt;&lt;P&gt;&lt;SPAN&gt;cnemcgl file: This file contains the cnemc coefficients and is editable.This is not to be deleted.&lt;/SPAN&gt;&lt;/P&gt;&lt;P&gt;&lt;SPAN&gt;cnluso file: This file contains the possible combinations of the Curve number, landuse and soil type. Do not delete this file. This file is editable.  &lt;/SPAN&gt;&lt;/P&gt;&lt;P&gt;&lt;SPAN&gt;This folder will also contain all the output excel workbooks that are created after the tool has completed running.&lt;/SPAN&gt;&lt;/P&gt;&lt;P&gt;&lt;SPAN&gt;	Poly0,Poly1....Polyn: These files contain the detailed EMC and RunOff values for each area with the same Curve Number, LandUse and Soiltype combination in every rainfall polygon.&lt;/SPAN&gt;&lt;/P&gt;&lt;P&gt;&lt;SPAN&gt;	LthiaOutputbyPoly: Here every Polygon's data is tabulated in each workbook.&lt;/SPAN&gt;&lt;/P&gt;&lt;P&gt;&lt;SPAN /&gt;&lt;/P&gt;&lt;/DIV&gt;&lt;/DIV&gt;</idAbs></dataIdInfo><mdHrLv><ScopeCd value="005"></ScopeCd></mdHrLv></metadata>
