<PAMDataset>
  <Metadata />
  <Metadata domain="Esri">
    <MDI key="PyramidResamplingType">NEAREST</MDI>
  </Metadata>
  <PAMRasterBand band="1">
    <GDALRasterAttributeTable>
      <FieldDefn index="0">
        <Name>OBJECTID</Name>
        <Type>0</Type>
        <Usage>0</Usage>
      </FieldDefn>
      <FieldDefn index="1">
        <Name>Value</Name>
        <Type>0</Type>
        <Usage>0</Usage>
      </FieldDefn>
      <FieldDefn index="2">
        <Name>Count</Name>
        <Type>1</Type>
        <Usage>0</Usage>
      </FieldDefn>
      <Row index="0">
        <F>1</F>
        <F>55</F>
        <F>42203</F>
      </Row>
      <Row index="1">
        <F>2</F>
        <F>58</F>
        <F>4330</F>
      </Row>
      <Row index="2">
        <F>3</F>
        <F>61</F>
        <F>53161</F>
      </Row>
      <Row index="3">
        <F>4</F>
        <F>70</F>
        <F>5747</F>
      </Row>
      <Row index="4">
        <F>5</F>
        <F>71</F>
        <F>638</F>
      </Row>
      <Row index="5">
        <F>6</F>
        <F>74</F>
        <F>6901</F>
      </Row>
      <Row index="6">
        <F>7</F>
        <F>75</F>
        <F>235504</F>
      </Row>
      <Row index="7">
        <F>8</F>
        <F>77</F>
        <F>454</F>
      </Row>
      <Row index="8">
        <F>9</F>
        <F>81</F>
        <F>3423</F>
      </Row>
      <Row index="9">
        <F>10</F>
        <F>82</F>
        <F>64122</F>
      </Row>
      <Row index="10">
        <F>11</F>
        <F>84</F>
        <F>11</F>
      </Row>
      <Row index="11">
        <F>12</F>
        <F>85</F>
        <F>1072</F>
      </Row>
      <Row index="12">
        <F>13</F>
        <F>86</F>
        <F>1085</F>
      </Row>
      <Row index="13">
        <F>14</F>
        <F>87</F>
        <F>9258</F>
      </Row>
      <Row index="14">
        <F>15</F>
        <F>90</F>
        <F>58</F>
      </Row>
      <Row index="15">
        <F>16</F>
        <F>91</F>
        <F>230</F>
      </Row>
      <Row index="16">
        <F>17</F>
        <F>92</F>
        <F>1371</F>
      </Row>
      <Row index="17">
        <F>18</F>
        <F>100</F>
        <F>4336</F>
      </Row>
    </GDALRasterAttributeTable>
  </PAMRasterBand>
</PAMDataset>
