<PAMDataset>
  <PAMRasterBand band="1">
    <Metadata>
      <MDI key="STATISTICS_MINIMUM">211100</MDI>
      <MDI key="STATISTICS_MAXIMUM">395084</MDI>
      <MDI key="STATISTICS_MEAN">287398.98709161</MDI>
      <MDI key="STATISTICS_STDDEV">46889.132169301</MDI>
      <MDI key="STATISTICS_SKIPFACTORX">1</MDI>
      <MDI key="STATISTICS_SKIPFACTORY">1</MDI>
      <MDI key="STATISTICS_EXCLUDEDVALUES"></MDI>
      <MDI key="STATISTICS_COVARIANCES">2198590715.59019</MDI>
    </Metadata>
  </PAMRasterBand>
</PAMDataset>
