<?xml version="1.0" encoding="UTF-8"?>
<metadata xml:lang="en"><Esri><CreaDate>20140630</CreaDate><CreaTime>16465300</CreaTime><ArcGISFormat>1.0</ArcGISFormat><SyncOnce>TRUE</SyncOnce><DataProperties><lineage><Process Name="Raster Calculator" ToolSource="c:\program files (x86)\arcgis\desktop10.2\ArcToolbox\Toolboxes\Spatial Analyst Tools.tbx\RasterCalculator" Date="20140630" Time="164653">RasterCalculator "("STATSGOx" * 100000) + ("nlcd2006INx" * 1000) + "cnone"" E:\US_lthia_comp\cnsixd2.tif</Process></lineage></DataProperties></Esri></metadata>
