<PAMDataset>
  <Metadata />
  <Metadata domain="Esri">
    <MDI key="PyramidResamplingType">NEAREST</MDI>
  </Metadata>
  <PAMRasterBand band="1">
    <GDALRasterAttributeTable>
      <FieldDefn index="0">
        <Name>OBJECTID</Name>
        <Type>0</Type>
        <Usage>0</Usage>
      </FieldDefn>
      <FieldDefn index="1">
        <Name>Value</Name>
        <Type>0</Type>
        <Usage>0</Usage>
      </FieldDefn>
      <FieldDefn index="2">
        <Name>Red</Name>
        <Type>1</Type>
        <Usage>6</Usage>
      </FieldDefn>
      <FieldDefn index="3">
        <Name>Green</Name>
        <Type>1</Type>
        <Usage>7</Usage>
      </FieldDefn>
      <FieldDefn index="4">
        <Name>Blue</Name>
        <Type>1</Type>
        <Usage>8</Usage>
      </FieldDefn>
      <FieldDefn index="5">
        <Name>Opacity</Name>
        <Type>1</Type>
        <Usage>0</Usage>
      </FieldDefn>
      <FieldDefn index="6">
        <Name>Count</Name>
        <Type>1</Type>
        <Usage>0</Usage>
      </FieldDefn>
      <Row index="0">
        <F>1</F>
        <F>11</F>
        <F>0.28</F>
        <F>0.42</F>
        <F>0.63</F>
        <F>1</F>
        <F>4336</F>
      </Row>
      <Row index="1">
        <F>2</F>
        <F>21</F>
        <F>0.87</F>
        <F>0.79</F>
        <F>0.79</F>
        <F>1</F>
        <F>36627</F>
      </Row>
      <Row index="2">
        <F>3</F>
        <F>22</F>
        <F>0.85</F>
        <F>0.58</F>
        <F>0.51</F>
        <F>1</F>
        <F>9450</F>
      </Row>
      <Row index="3">
        <F>4</F>
        <F>23</F>
        <F>0.9300000000000001</F>
        <F>0</F>
        <F>0</F>
        <F>1</F>
        <F>3461</F>
      </Row>
      <Row index="4">
        <F>5</F>
        <F>24</F>
        <F>0.67</F>
        <F>0</F>
        <F>0</F>
        <F>1</F>
        <F>1371</F>
      </Row>
      <Row index="5">
        <F>6</F>
        <F>31</F>
        <F>0.7</F>
        <F>0.6800000000000001</F>
        <F>0.64</F>
        <F>1</F>
        <F>1085</F>
      </Row>
      <Row index="6">
        <F>7</F>
        <F>41</F>
        <F>0.41</F>
        <F>0.67</F>
        <F>0.39</F>
        <F>1</F>
        <F>46658</F>
      </Row>
      <Row index="7">
        <F>8</F>
        <F>42</F>
        <F>0.11</F>
        <F>0.39</F>
        <F>0.19</F>
        <F>1</F>
        <F>275</F>
      </Row>
      <Row index="8">
        <F>10</F>
        <F>52</F>
        <F>0.8</F>
        <F>0.73</F>
        <F>0.49</F>
        <F>1</F>
        <F>1017</F>
      </Row>
      <Row index="9">
        <F>11</F>
        <F>71</F>
        <F>0.89</F>
        <F>0.89</F>
        <F>0.76</F>
        <F>1</F>
        <F>4968</F>
      </Row>
      <Row index="10">
        <F>12</F>
        <F>81</F>
        <F>0.86</F>
        <F>0.85</F>
        <F>0.24</F>
        <F>1</F>
        <F>23435</F>
      </Row>
      <Row index="11">
        <F>13</F>
        <F>82</F>
        <F>0.67</F>
        <F>0.44</F>
        <F>0.16</F>
        <F>1</F>
        <F>299626</F>
      </Row>
      <Row index="12">
        <F>14</F>
        <F>90</F>
        <F>0.73</F>
        <F>0.85</F>
        <F>0.92</F>
        <F>1</F>
        <F>1130</F>
      </Row>
      <Row index="13">
        <F>15</F>
        <F>95</F>
        <F>0.44</F>
        <F>0.64</F>
        <F>0.73</F>
        <F>1</F>
        <F>465</F>
      </Row>
    </GDALRasterAttributeTable>
    <Metadata>
      <MDI key="RepresentationType">THEMATIC</MDI>
    </Metadata>
  </PAMRasterBand>
</PAMDataset>
