<?xml version="1.0" encoding="ISO-8859-1"?>
<!DOCTYPE metadata SYSTEM "http://www.fgdc.gov/metadata/fgdc-std-001-1998.dtd">
<metadata>
	<idinfo>
		<citation>
			<citeinfo>
				<origin>U.S. census bureau</origin>
				<title Sync="TRUE">townships_00</title>
				<geoform Sync="TRUE">vector digital data</geoform>
				<onlink>http://pasture.ecn.purdue.edu/~caagis</onlink>
				<pubdate>2000</pubdate><ftname Sync="TRUE">townships_00</ftname></citeinfo>
		</citation>
		<descript>
			<abstract>This database contains the political township boundaries of Indiana. This data is from the Census Bureau 2000 data.
TIGER, TIGER/Line, and Census TIGER are registered trademarks of the Bureau of the Census. 
The Redistricting Census 2000 TIGER/Line files are an extract
  of selected geographic and cartographic information from the Census TIGER data base.  
The geographic coverage for a single TIGER/Line file is a county
   or statistical equivalent entity, with the coverage area based on January 1, 2000 
legal boundaries.  A complete set of Redistricting Census 2000 TIGER/Line
  files includes all counties and statistically equivalent entities in the United States 
and Puerto Rico.  The Redistricting Census 2000 TIGER/Line files willnot include files 
for the Island Areas. The Census TIGER data base represents a seamless national file 
with no overlaps or gaps between parts.  However, each county-based TIGER/Line file 
is designed to stand alone as an independent data set or the files can be combined to 
cover the whole Nation.  The Redistricting Census 2000 TIGER/Line files consist of 
line segments representing physical
features and governmental and statistical boundaries.  The Redistricting Census 2000 
TIGER/Line files do NOT contain the ZIP Code Tabulation Areas (ZCTAs) and the 
address ranges are of approximately the same vintage as those appearing in
      the 1999 TIGER/Line files.  That is, the Census Bureau is producing the 
Redistricting Census 2000 TIGER/Line files in advance of the computer 
processing that will ensure that the address ranges in the TIGER/Line files 
agree with the final Master Address File (MAF) used for tabulating Census 2000.  
The files contain information distributed over a series of record types for the 
spatial objects of a county.  There are 17 record types, including the basic 
data record, the shape coordinate points, and geographic codes that can be 
used with appropriate software to prepare maps.  Other geographic information 
contained in the files includes attributes such as feature identifiers/census 
feature class codes (CFCC) used to differentiate feature types, address ranges 
and ZIP Codes, codes for legal and statistical entities, latitude/longitude 
coordinates of linear and point features, landmark point features, area 
landmarks, key geographic features, and area boundaries.  The Redistricting 
Census 2000 TIGER/Line data dictionary contains a complete list of all 
the fields in the 17 record types.</abstract>
			<langdata Sync="TRUE">en</langdata><purpose>In order for others to use the information in the Census TIGER data base in a 
geographic information system (GIS) or for other geographic applications, the 
Census Bureau releases to the public extracts of the data base in the form of
TIGER/Line files.  Various versions of the TIGER/Line files have been released;
previous versions include the 1990 Census TIGER/Line files, the 1992 TIGER/Line
files, the 1994 TIGER/Line files, the 1995 TIGER/Line files, the 1997 TIGER/Line
files, the 1998 TIGER/Line files, and the 1999 TIGER/Line files.  The Redistricting
      Census 2000 TIGER/Line files were originally produced to support the Census 2000</purpose><supplinf>To find out more about TIGER/Line files and other Census TIGER
      data base derived data sets visit http://www.census.gov/geo/www/tiger.
</supplinf></descript>
		<timeperd>
			<timeinfo>
				<sngdate>
					<caldate>2000.</caldate>
				</sngdate>
			</timeinfo>
			<current>publication date</current>
		</timeperd>
		<status>
			<progress>Complete</progress>
			<update>None planned</update>
		</status>
		<spdom>
			<bounding>
				<westbc Sync="TRUE">-88.161393</westbc>
				<eastbc Sync="TRUE">-84.688249</eastbc>
				<northbc Sync="TRUE">41.781172</northbc>
				<southbc Sync="TRUE">37.755395</southbc>
			</bounding>
			<lboundng><leftbc Sync="TRUE">403477.788258</leftbc><rightbc Sync="TRUE">692183.678471</rightbc><bottombc Sync="TRUE">4180917.009107</bottombc><topbc Sync="TRUE">4625480.442241</topbc></lboundng></spdom>
		<keywords>
			<theme>
				<themekey>census</themekey>
				<themekey>townships</themekey><themekey>township</themekey></theme>
			<place>
				<placekey>indiana</placekey>
			</place>
			<temporal>
				<tempkey>2000</tempkey>
			</temporal>
		</keywords>
		<accconst>Public</accconst>
		<useconst>Public</useconst>
		<ptcontac>
			<cntinfo>
				<cntorgp>
					<cntorg>Center for Advanced Applications in GIS, Purdue University</cntorg>
					<cntper>Larry Theller</cntper>
				</cntorgp>
				<cntpos>GIS specialist</cntpos>
				<cntemail>caagis@ecn.purdue.edu</cntemail>
				<hours>M - F 9-5 EST</hours>
			</cntinfo>
		</ptcontac>
		<secinfo>
			<secclass>Unclassified</secclass>
		</secinfo>
		<native Sync="TRUE">Microsoft Windows XP Version 5.1 (Build 2600) Service Pack 2; ESRI ArcCatalog 9.2.6.1500</native>
		<natvform Sync="TRUE">Shapefile</natvform></idinfo>
	<spdoinfo>
		<direct Sync="TRUE">Vector</direct>
		<ptvctinf>
			<sdtsterm Name="townships_00">
				<sdtstype Sync="TRUE">G-polygon</sdtstype>
				<ptvctcnt Sync="TRUE">1009</ptvctcnt>
			</sdtsterm>
			<esriterm Name="townships_00"><efeatyp Sync="TRUE">Simple</efeatyp><efeageom Sync="TRUE">Polygon</efeageom><esritopo Sync="TRUE">FALSE</esritopo><efeacnt Sync="TRUE">1009</efeacnt><spindex Sync="TRUE">TRUE</spindex><linrefer Sync="TRUE">FALSE</linrefer></esriterm></ptvctinf>
	</spdoinfo>
	<eainfo>
		<detailed Name="townships_00">
			<enttyp>
				<enttypl Sync="TRUE">townships_00</enttypl>
				<enttypt Sync="TRUE">Feature Class</enttypt><enttypc Sync="TRUE">1009</enttypc></enttyp>
			<attr>
				<attrlabl Sync="TRUE">FID</attrlabl>
				<attrdef Sync="TRUE">Internal feature number.</attrdef>
				<attrdefs Sync="TRUE">ESRI</attrdefs>
				<attrdomv>
					<udom Sync="TRUE">Sequential unique whole numbers that are automatically generated.</udom>
				</attrdomv>
				<attalias Sync="TRUE">FID</attalias><attrtype Sync="TRUE">OID</attrtype><attwidth Sync="TRUE">4</attwidth><atprecis Sync="TRUE">0</atprecis><attscale Sync="TRUE">0</attscale></attr>
			<attr>
				<attrlabl Sync="TRUE">Shape</attrlabl>
				<attrdef Sync="TRUE">Feature geometry.</attrdef>
				<attrdefs Sync="TRUE">ESRI</attrdefs>
				<attrdomv>
					<udom Sync="TRUE">Coordinates defining the features.</udom>
				</attrdomv>
				<attalias Sync="TRUE">Shape</attalias><attrtype Sync="TRUE">Geometry</attrtype><attwidth Sync="TRUE">0</attwidth><atprecis Sync="TRUE">0</atprecis><attscale Sync="TRUE">0</attscale></attr>
			<attr>
				<attrlabl Sync="TRUE">ID</attrlabl>
				<attalias Sync="TRUE">ID</attalias><attrtype Sync="TRUE">Number</attrtype><attwidth Sync="TRUE">8</attwidth></attr>
			<attr>
				<attrlabl Sync="TRUE">COUNTY</attrlabl>
				<attalias Sync="TRUE">COUNTY</attalias><attrtype Sync="TRUE">String</attrtype><attwidth Sync="TRUE">5</attwidth></attr>
			<attr>
				<attrlabl Sync="TRUE">MCD2000</attrlabl>
				<attalias Sync="TRUE">MCD2000</attalias><attrtype Sync="TRUE">String</attrtype><attwidth Sync="TRUE">5</attwidth></attr>
			<attr>
				<attrlabl Sync="TRUE">NAME</attrlabl>
				<attalias Sync="TRUE">NAME</attalias><attrtype Sync="TRUE">String</attrtype><attwidth Sync="TRUE">66</attwidth></attr>
			<attr>
				<attrlabl Sync="TRUE">SUB_MCD</attrlabl>
				<attalias Sync="TRUE">SUB_MCD</attalias><attrtype Sync="TRUE">String</attrtype><attwidth Sync="TRUE">5</attwidth></attr>
			<attr>
				<attrlabl Sync="TRUE">SUBNAME</attrlabl>
				<attalias Sync="TRUE">SUBNAME</attalias><attrtype Sync="TRUE">String</attrtype><attwidth Sync="TRUE">66</attwidth></attr>
			<attr>
				<attrlabl Sync="TRUE">SUB_MCD_1</attrlabl>
				<attalias Sync="TRUE">SUB_MCD_1</attalias><attrtype Sync="TRUE">String</attrtype><attwidth Sync="TRUE">5</attwidth></attr>
			<attr>
				<attrlabl Sync="TRUE">SUBNAME_1</attrlabl>
				<attalias Sync="TRUE">SUBNAME_1</attalias><attrtype Sync="TRUE">String</attrtype><attwidth Sync="TRUE">66</attwidth></attr>
			<attr>
				<attrlabl Sync="TRUE">PLFIPS</attrlabl>
				<attalias Sync="TRUE">PLFIPS</attalias><attrtype Sync="TRUE">Number</attrtype><attwidth Sync="TRUE">16</attwidth></attr>
			<attr>
				<attrlabl Sync="TRUE">TYPE</attrlabl>
				<attalias Sync="TRUE">TYPE</attalias><attrtype Sync="TRUE">Number</attrtype><attwidth Sync="TRUE">2</attwidth></attr>
			<attr>
				<attrlabl Sync="TRUE">CODE2</attrlabl>
				<attalias Sync="TRUE">CODE2</attalias><attrtype Sync="TRUE">Number</attrtype><attwidth Sync="TRUE">3</attwidth></attr>
			<attr>
				<attrlabl Sync="TRUE">FIPS</attrlabl>
				<attalias Sync="TRUE">FIPS</attalias><attrtype Sync="TRUE">Number</attrtype><attwidth Sync="TRUE">5</attwidth></attr>
			<attr>
				<attrlabl Sync="TRUE">ST_FIPS</attrlabl>
				<attalias Sync="TRUE">ST_FIPS</attalias><attrtype Sync="TRUE">Number</attrtype><attwidth Sync="TRUE">2</attwidth></attr>
			<attr>
				<attrlabl Sync="TRUE">CO_FIPS</attrlabl>
				<attalias Sync="TRUE">CO_FIPS</attalias><attrtype Sync="TRUE">String</attrtype><attwidth Sync="TRUE">3</attwidth></attr>
			<attr>
				<attrlabl Sync="TRUE">CODE</attrlabl>
				<attalias Sync="TRUE">CODE</attalias><attrtype Sync="TRUE">String</attrtype><attwidth Sync="TRUE">1</attwidth></attr>
			<attr>
				<attrlabl Sync="TRUE">NAME_1</attrlabl>
				<attalias Sync="TRUE">NAME_1</attalias><attrtype Sync="TRUE">String</attrtype><attwidth Sync="TRUE">53</attwidth></attr>
			<attr>
				<attrlabl Sync="TRUE">TOTAL_POP</attrlabl>
				<attalias Sync="TRUE">TOTAL_POP</attalias><attrtype Sync="TRUE">Number</attrtype><attwidth Sync="TRUE">7</attwidth></attr>
			<attr>
				<attrlabl Sync="TRUE">MALE</attrlabl>
				<attalias Sync="TRUE">MALE</attalias><attrtype Sync="TRUE">Number</attrtype><attwidth Sync="TRUE">7</attwidth></attr>
			<attr>
				<attrlabl Sync="TRUE">FEMALE</attrlabl>
				<attalias Sync="TRUE">FEMALE</attalias><attrtype Sync="TRUE">Number</attrtype><attwidth Sync="TRUE">7</attwidth></attr>
			<attr>
				<attrlabl Sync="TRUE">UNDER_5</attrlabl>
				<attalias Sync="TRUE">UNDER_5</attalias><attrtype Sync="TRUE">Number</attrtype><attwidth Sync="TRUE">6</attwidth></attr>
			<attr>
				<attrlabl Sync="TRUE">Z_9YRS</attrlabl>
				<attalias Sync="TRUE">Z_9YRS</attalias><attrtype Sync="TRUE">Number</attrtype><attwidth Sync="TRUE">6</attwidth></attr>
			<attr>
				<attrlabl Sync="TRUE">Z0_14YRS</attrlabl>
				<attalias Sync="TRUE">Z0_14YRS</attalias><attrtype Sync="TRUE">Number</attrtype><attwidth Sync="TRUE">6</attwidth></attr>
			<attr>
				<attrlabl Sync="TRUE">Z5_19YRS</attrlabl>
				<attalias Sync="TRUE">Z5_19YRS</attalias><attrtype Sync="TRUE">Number</attrtype><attwidth Sync="TRUE">6</attwidth></attr>
			<attr>
				<attrlabl Sync="TRUE">Z0_24YRS</attrlabl>
				<attalias Sync="TRUE">Z0_24YRS</attalias><attrtype Sync="TRUE">Number</attrtype><attwidth Sync="TRUE">6</attwidth></attr>
			<attr>
				<attrlabl Sync="TRUE">Z5_34YRS</attrlabl>
				<attalias Sync="TRUE">Z5_34YRS</attalias><attrtype Sync="TRUE">Number</attrtype><attwidth Sync="TRUE">6</attwidth></attr>
			<attr>
				<attrlabl Sync="TRUE">Z5_44YRS</attrlabl>
				<attalias Sync="TRUE">Z5_44YRS</attalias><attrtype Sync="TRUE">Number</attrtype><attwidth Sync="TRUE">6</attwidth></attr>
			<attr>
				<attrlabl Sync="TRUE">Z5_54YRS</attrlabl>
				<attalias Sync="TRUE">Z5_54YRS</attalias><attrtype Sync="TRUE">Number</attrtype><attwidth Sync="TRUE">6</attwidth></attr>
			<attr>
				<attrlabl Sync="TRUE">Z5_59YRS</attrlabl>
				<attalias Sync="TRUE">Z5_59YRS</attalias><attrtype Sync="TRUE">Number</attrtype><attwidth Sync="TRUE">6</attwidth></attr>
			<attr>
				<attrlabl Sync="TRUE">Z0_64YRS</attrlabl>
				<attalias Sync="TRUE">Z0_64YRS</attalias><attrtype Sync="TRUE">Number</attrtype><attwidth Sync="TRUE">6</attwidth></attr>
			<attr>
				<attrlabl Sync="TRUE">Z5_74YRS</attrlabl>
				<attalias Sync="TRUE">Z5_74YRS</attalias><attrtype Sync="TRUE">Number</attrtype><attwidth Sync="TRUE">6</attwidth></attr>
			<attr>
				<attrlabl Sync="TRUE">Z5_84YRS</attrlabl>
				<attalias Sync="TRUE">Z5_84YRS</attalias><attrtype Sync="TRUE">Number</attrtype><attwidth Sync="TRUE">6</attwidth></attr>
			<attr>
				<attrlabl Sync="TRUE">OVER_84YRS</attrlabl>
				<attalias Sync="TRUE">OVER_84YRS</attalias><attrtype Sync="TRUE">Number</attrtype><attwidth Sync="TRUE">5</attwidth></attr>
			<attr>
				<attrlabl Sync="TRUE">MEDIAN_AGE</attrlabl>
				<attalias Sync="TRUE">MEDIAN_AGE</attalias><attrtype Sync="TRUE">Number</attrtype><attwidth Sync="TRUE">4</attwidth><atnumdec Sync="TRUE">1</atnumdec></attr>
			<attr>
				<attrlabl Sync="TRUE">Z8_UP</attrlabl>
				<attalias Sync="TRUE">Z8_UP</attalias><attrtype Sync="TRUE">Number</attrtype><attwidth Sync="TRUE">7</attwidth></attr>
			<attr>
				<attrlabl Sync="TRUE">Z8_UP_MALE</attrlabl>
				<attalias Sync="TRUE">Z8_UP_MALE</attalias><attrtype Sync="TRUE">Number</attrtype><attwidth Sync="TRUE">7</attwidth></attr>
			<attr>
				<attrlabl Sync="TRUE">Z8_UP_FEMA</attrlabl>
				<attalias Sync="TRUE">Z8_UP_FEMA</attalias><attrtype Sync="TRUE">Number</attrtype><attwidth Sync="TRUE">7</attwidth></attr>
			<attr>
				<attrlabl Sync="TRUE">Z1_UP</attrlabl>
				<attalias Sync="TRUE">Z1_UP</attalias><attrtype Sync="TRUE">Number</attrtype><attwidth Sync="TRUE">7</attwidth></attr>
			<attr>
				<attrlabl Sync="TRUE">Z2_UP</attrlabl>
				<attalias Sync="TRUE">Z2_UP</attalias><attrtype Sync="TRUE">Number</attrtype><attwidth Sync="TRUE">6</attwidth></attr>
			<attr>
				<attrlabl Sync="TRUE">Z5_UP</attrlabl>
				<attalias Sync="TRUE">Z5_UP</attalias><attrtype Sync="TRUE">Number</attrtype><attwidth Sync="TRUE">6</attwidth></attr>
			<attr>
				<attrlabl Sync="TRUE">Z5_UP_MALE</attrlabl>
				<attalias Sync="TRUE">Z5_UP_MALE</attalias><attrtype Sync="TRUE">Number</attrtype><attwidth Sync="TRUE">6</attwidth></attr>
			<attr>
				<attrlabl Sync="TRUE">Z5_UP_FEMA</attrlabl>
				<attalias Sync="TRUE">Z5_UP_FEMA</attalias><attrtype Sync="TRUE">Number</attrtype><attwidth Sync="TRUE">6</attwidth></attr>
			<attr>
				<attrlabl Sync="TRUE">ONE_RACE</attrlabl>
				<attalias Sync="TRUE">ONE_RACE</attalias><attrtype Sync="TRUE">Number</attrtype><attwidth Sync="TRUE">7</attwidth></attr>
			<attr>
				<attrlabl Sync="TRUE">WHITE</attrlabl>
				<attalias Sync="TRUE">WHITE</attalias><attrtype Sync="TRUE">Number</attrtype><attwidth Sync="TRUE">7</attwidth></attr>
			<attr>
				<attrlabl Sync="TRUE">BLACK_AA</attrlabl>
				<attalias Sync="TRUE">BLACK_AA</attalias><attrtype Sync="TRUE">Number</attrtype><attwidth Sync="TRUE">6</attwidth></attr>
			<attr>
				<attrlabl Sync="TRUE">AI_OR_AN</attrlabl>
				<attalias Sync="TRUE">AI_OR_AN</attalias><attrtype Sync="TRUE">Number</attrtype><attwidth Sync="TRUE">5</attwidth></attr>
			<attr>
				<attrlabl Sync="TRUE">ASIAN</attrlabl>
				<attalias Sync="TRUE">ASIAN</attalias><attrtype Sync="TRUE">Number</attrtype><attwidth Sync="TRUE">5</attwidth></attr>
			<attr>
				<attrlabl Sync="TRUE">ASIAN_IN</attrlabl>
				<attalias Sync="TRUE">ASIAN_IN</attalias><attrtype Sync="TRUE">Number</attrtype><attwidth Sync="TRUE">5</attwidth></attr>
			<attr>
				<attrlabl Sync="TRUE">CHINESE</attrlabl>
				<attalias Sync="TRUE">CHINESE</attalias><attrtype Sync="TRUE">Number</attrtype><attwidth Sync="TRUE">5</attwidth></attr>
			<attr>
				<attrlabl Sync="TRUE">FILIPINO</attrlabl>
				<attalias Sync="TRUE">FILIPINO</attalias><attrtype Sync="TRUE">Number</attrtype><attwidth Sync="TRUE">4</attwidth></attr>
			<attr>
				<attrlabl Sync="TRUE">JAPANESE</attrlabl>
				<attalias Sync="TRUE">JAPANESE</attalias><attrtype Sync="TRUE">Number</attrtype><attwidth Sync="TRUE">4</attwidth></attr>
			<attr>
				<attrlabl Sync="TRUE">KOREAN</attrlabl>
				<attalias Sync="TRUE">KOREAN</attalias><attrtype Sync="TRUE">Number</attrtype><attwidth Sync="TRUE">4</attwidth></attr>
			<attr>
				<attrlabl Sync="TRUE">VIETNAM</attrlabl>
				<attalias Sync="TRUE">VIETNAM</attalias><attrtype Sync="TRUE">Number</attrtype><attwidth Sync="TRUE">4</attwidth></attr>
			<attr>
				<attrlabl Sync="TRUE">OTHER_ASIA</attrlabl>
				<attalias Sync="TRUE">OTHER_ASIA</attalias><attrtype Sync="TRUE">Number</attrtype><attwidth Sync="TRUE">4</attwidth></attr>
			<attr>
				<attrlabl Sync="TRUE">NH_PI</attrlabl>
				<attalias Sync="TRUE">NH_PI</attalias><attrtype Sync="TRUE">Number</attrtype><attwidth Sync="TRUE">4</attwidth></attr>
			<attr>
				<attrlabl Sync="TRUE">NH</attrlabl>
				<attalias Sync="TRUE">NH</attalias><attrtype Sync="TRUE">Number</attrtype><attwidth Sync="TRUE">3</attwidth></attr>
			<attr>
				<attrlabl Sync="TRUE">GUAM</attrlabl>
				<attalias Sync="TRUE">GUAM</attalias><attrtype Sync="TRUE">Number</attrtype><attwidth Sync="TRUE">3</attwidth></attr>
			<attr>
				<attrlabl Sync="TRUE">SAMOA</attrlabl>
				<attalias Sync="TRUE">SAMOA</attalias><attrtype Sync="TRUE">Number</attrtype><attwidth Sync="TRUE">3</attwidth></attr>
			<attr>
				<attrlabl Sync="TRUE">OTHER_PAC</attrlabl>
				<attalias Sync="TRUE">OTHER_PAC</attalias><attrtype Sync="TRUE">Number</attrtype><attwidth Sync="TRUE">3</attwidth></attr>
			<attr>
				<attrlabl Sync="TRUE">OTHER</attrlabl>
				<attalias Sync="TRUE">OTHER</attalias><attrtype Sync="TRUE">Number</attrtype><attwidth Sync="TRUE">5</attwidth></attr>
			<attr>
				<attrlabl Sync="TRUE">Z_RACES</attrlabl>
				<attalias Sync="TRUE">Z_RACES</attalias><attrtype Sync="TRUE">Number</attrtype><attwidth Sync="TRUE">5</attwidth></attr>
			<attr>
				<attrlabl Sync="TRUE">COM_WHITE</attrlabl>
				<attalias Sync="TRUE">COM_WHITE</attalias><attrtype Sync="TRUE">Number</attrtype><attwidth Sync="TRUE">7</attwidth></attr>
			<attr>
				<attrlabl Sync="TRUE">COM_BLACK_</attrlabl>
				<attalias Sync="TRUE">COM_BLACK_</attalias><attrtype Sync="TRUE">Number</attrtype><attwidth Sync="TRUE">6</attwidth></attr>
			<attr>
				<attrlabl Sync="TRUE">COM_AI_AN</attrlabl>
				<attalias Sync="TRUE">COM_AI_AN</attalias><attrtype Sync="TRUE">Number</attrtype><attwidth Sync="TRUE">5</attwidth></attr>
			<attr>
				<attrlabl Sync="TRUE">COM_ASIAN</attrlabl>
				<attalias Sync="TRUE">COM_ASIAN</attalias><attrtype Sync="TRUE">Number</attrtype><attwidth Sync="TRUE">5</attwidth></attr>
			<attr>
				<attrlabl Sync="TRUE">COM_NH_PI</attrlabl>
				<attalias Sync="TRUE">COM_NH_PI</attalias><attrtype Sync="TRUE">Number</attrtype><attwidth Sync="TRUE">4</attwidth></attr>
			<attr>
				<attrlabl Sync="TRUE">COM_OTHER</attrlabl>
				<attalias Sync="TRUE">COM_OTHER</attalias><attrtype Sync="TRUE">Number</attrtype><attwidth Sync="TRUE">6</attwidth></attr>
			<attr>
				<attrlabl Sync="TRUE">TOTAL_PO_1</attrlabl>
				<attalias Sync="TRUE">TOTAL_PO_1</attalias><attrtype Sync="TRUE">Number</attrtype><attwidth Sync="TRUE">7</attwidth></attr>
			<attr>
				<attrlabl Sync="TRUE">HISPANIC</attrlabl>
				<attalias Sync="TRUE">HISPANIC</attalias><attrtype Sync="TRUE">Number</attrtype><attwidth Sync="TRUE">6</attwidth></attr>
			<attr>
				<attrlabl Sync="TRUE">MEXICAN</attrlabl>
				<attalias Sync="TRUE">MEXICAN</attalias><attrtype Sync="TRUE">Number</attrtype><attwidth Sync="TRUE">6</attwidth></attr>
			<attr>
				<attrlabl Sync="TRUE">PUERTO_RIC</attrlabl>
				<attalias Sync="TRUE">PUERTO_RIC</attalias><attrtype Sync="TRUE">Number</attrtype><attwidth Sync="TRUE">5</attwidth></attr>
			<attr>
				<attrlabl Sync="TRUE">CUBAN</attrlabl>
				<attalias Sync="TRUE">CUBAN</attalias><attrtype Sync="TRUE">Number</attrtype><attwidth Sync="TRUE">4</attwidth></attr>
			<attr>
				<attrlabl Sync="TRUE">OTHER_HISP</attrlabl>
				<attalias Sync="TRUE">OTHER_HISP</attalias><attrtype Sync="TRUE">Number</attrtype><attwidth Sync="TRUE">5</attwidth></attr>
			<attr>
				<attrlabl Sync="TRUE">NOT_HISP</attrlabl>
				<attalias Sync="TRUE">NOT_HISP</attalias><attrtype Sync="TRUE">Number</attrtype><attwidth Sync="TRUE">7</attwidth></attr>
			<attr>
				<attrlabl Sync="TRUE">WHITE_ONLY</attrlabl>
				<attalias Sync="TRUE">WHITE_ONLY</attalias><attrtype Sync="TRUE">Number</attrtype><attwidth Sync="TRUE">7</attwidth></attr>
			<attr>
				<attrlabl Sync="TRUE">TOTAL_PO_2</attrlabl>
				<attalias Sync="TRUE">TOTAL_PO_2</attalias><attrtype Sync="TRUE">Number</attrtype><attwidth Sync="TRUE">7</attwidth></attr>
			<attr>
				<attrlabl Sync="TRUE">POP_HOUSES</attrlabl>
				<attalias Sync="TRUE">POP_HOUSES</attalias><attrtype Sync="TRUE">Number</attrtype><attwidth Sync="TRUE">7</attwidth></attr>
			<attr>
				<attrlabl Sync="TRUE">HOUSEHOLDE</attrlabl>
				<attalias Sync="TRUE">HOUSEHOLDE</attalias><attrtype Sync="TRUE">Number</attrtype><attwidth Sync="TRUE">7</attwidth></attr>
			<attr>
				<attrlabl Sync="TRUE">SPOUSE</attrlabl>
				<attalias Sync="TRUE">SPOUSE</attalias><attrtype Sync="TRUE">Number</attrtype><attwidth Sync="TRUE">7</attwidth></attr>
			<attr>
				<attrlabl Sync="TRUE">CHILD</attrlabl>
				<attalias Sync="TRUE">CHILD</attalias><attrtype Sync="TRUE">Number</attrtype><attwidth Sync="TRUE">7</attwidth></attr>
			<attr>
				<attrlabl Sync="TRUE">CHILD_U_18</attrlabl>
				<attalias Sync="TRUE">CHILD_U_18</attalias><attrtype Sync="TRUE">Number</attrtype><attwidth Sync="TRUE">7</attwidth></attr>
			<attr>
				<attrlabl Sync="TRUE">OTHER_RELS</attrlabl>
				<attalias Sync="TRUE">OTHER_RELS</attalias><attrtype Sync="TRUE">Number</attrtype><attwidth Sync="TRUE">6</attwidth></attr>
			<attr>
				<attrlabl Sync="TRUE">REL_U_18</attrlabl>
				<attalias Sync="TRUE">REL_U_18</attalias><attrtype Sync="TRUE">Number</attrtype><attwidth Sync="TRUE">6</attwidth></attr>
			<attr>
				<attrlabl Sync="TRUE">NONRELS</attrlabl>
				<attalias Sync="TRUE">NONRELS</attalias><attrtype Sync="TRUE">Number</attrtype><attwidth Sync="TRUE">6</attwidth></attr>
			<attr>
				<attrlabl Sync="TRUE">UNMAR_PART</attrlabl>
				<attalias Sync="TRUE">UNMAR_PART</attalias><attrtype Sync="TRUE">Number</attrtype><attwidth Sync="TRUE">6</attwidth></attr>
			<attr>
				<attrlabl Sync="TRUE">GROUPS</attrlabl>
				<attalias Sync="TRUE">GROUPS</attalias><attrtype Sync="TRUE">Number</attrtype><attwidth Sync="TRUE">6</attwidth></attr>
			<attr>
				<attrlabl Sync="TRUE">INSTITU_PO</attrlabl>
				<attalias Sync="TRUE">INSTITU_PO</attalias><attrtype Sync="TRUE">Number</attrtype><attwidth Sync="TRUE">5</attwidth></attr>
			<attr>
				<attrlabl Sync="TRUE">NON_INS_PO</attrlabl>
				<attalias Sync="TRUE">NON_INS_PO</attalias><attrtype Sync="TRUE">Number</attrtype><attwidth Sync="TRUE">5</attwidth></attr>
			<attr>
				<attrlabl Sync="TRUE">HOUSEHOLDS</attrlabl>
				<attalias Sync="TRUE">HOUSEHOLDS</attalias><attrtype Sync="TRUE">Number</attrtype><attwidth Sync="TRUE">7</attwidth></attr>
			<attr>
				<attrlabl Sync="TRUE">FAMILIES</attrlabl>
				<attalias Sync="TRUE">FAMILIES</attalias><attrtype Sync="TRUE">Number</attrtype><attwidth Sync="TRUE">7</attwidth></attr>
			<attr>
				<attrlabl Sync="TRUE">WITH_CHILD</attrlabl>
				<attalias Sync="TRUE">WITH_CHILD</attalias><attrtype Sync="TRUE">Number</attrtype><attwidth Sync="TRUE">6</attwidth></attr>
			<attr>
				<attrlabl Sync="TRUE">MARRIED_HO</attrlabl>
				<attalias Sync="TRUE">MARRIED_HO</attalias><attrtype Sync="TRUE">Number</attrtype><attwidth Sync="TRUE">7</attwidth></attr>
			<attr>
				<attrlabl Sync="TRUE">OWN_CHILD</attrlabl>
				<attalias Sync="TRUE">OWN_CHILD</attalias><attrtype Sync="TRUE">Number</attrtype><attwidth Sync="TRUE">6</attwidth></attr>
			<attr>
				<attrlabl Sync="TRUE">FEM_HEAD</attrlabl>
				<attalias Sync="TRUE">FEM_HEAD</attalias><attrtype Sync="TRUE">Number</attrtype><attwidth Sync="TRUE">6</attwidth></attr>
			<attr>
				<attrlabl Sync="TRUE">FEM_W_CHIL</attrlabl>
				<attalias Sync="TRUE">FEM_W_CHIL</attalias><attrtype Sync="TRUE">Number</attrtype><attwidth Sync="TRUE">6</attwidth></attr>
			<attr>
				<attrlabl Sync="TRUE">NONFAMILY</attrlabl>
				<attalias Sync="TRUE">NONFAMILY</attalias><attrtype Sync="TRUE">Number</attrtype><attwidth Sync="TRUE">6</attwidth></attr>
			<attr>
				<attrlabl Sync="TRUE">SINGLE</attrlabl>
				<attalias Sync="TRUE">SINGLE</attalias><attrtype Sync="TRUE">Number</attrtype><attwidth Sync="TRUE">6</attwidth></attr>
			<attr>
				<attrlabl Sync="TRUE">OVER_65_HE</attrlabl>
				<attalias Sync="TRUE">OVER_65_HE</attalias><attrtype Sync="TRUE">Number</attrtype><attwidth Sync="TRUE">6</attwidth></attr>
			<attr>
				<attrlabl Sync="TRUE">WITH_CHI_1</attrlabl>
				<attalias Sync="TRUE">WITH_CHI_1</attalias><attrtype Sync="TRUE">Number</attrtype><attwidth Sync="TRUE">6</attwidth></attr>
			<attr>
				<attrlabl Sync="TRUE">W_65_OVER</attrlabl>
				<attalias Sync="TRUE">W_65_OVER</attalias><attrtype Sync="TRUE">Number</attrtype><attwidth Sync="TRUE">6</attwidth></attr>
			<attr>
				<attrlabl Sync="TRUE">AV_SIZE</attrlabl>
				<attalias Sync="TRUE">AV_SIZE</attalias><attrtype Sync="TRUE">Number</attrtype><attwidth Sync="TRUE">4</attwidth><atnumdec Sync="TRUE">2</atnumdec></attr>
			<attr>
				<attrlabl Sync="TRUE">AV_FAMILY</attrlabl>
				<attalias Sync="TRUE">AV_FAMILY</attalias><attrtype Sync="TRUE">Number</attrtype><attwidth Sync="TRUE">4</attwidth><atnumdec Sync="TRUE">2</atnumdec></attr>
			<attr>
				<attrlabl Sync="TRUE">HOUSE_UNIT</attrlabl>
				<attalias Sync="TRUE">HOUSE_UNIT</attalias><attrtype Sync="TRUE">Number</attrtype><attwidth Sync="TRUE">7</attwidth></attr>
			<attr>
				<attrlabl Sync="TRUE">OCCUPIED</attrlabl>
				<attalias Sync="TRUE">OCCUPIED</attalias><attrtype Sync="TRUE">Number</attrtype><attwidth Sync="TRUE">7</attwidth></attr>
			<attr>
				<attrlabl Sync="TRUE">VACANT</attrlabl>
				<attalias Sync="TRUE">VACANT</attalias><attrtype Sync="TRUE">Number</attrtype><attwidth Sync="TRUE">6</attwidth></attr>
			<attr>
				<attrlabl Sync="TRUE">REC_USE</attrlabl>
				<attalias Sync="TRUE">REC_USE</attalias><attrtype Sync="TRUE">Number</attrtype><attwidth Sync="TRUE">5</attwidth></attr>
			<attr>
				<attrlabl Sync="TRUE">HOME_VAC</attrlabl>
				<attalias Sync="TRUE">HOME_VAC</attalias><attrtype Sync="TRUE">Number</attrtype><attwidth Sync="TRUE">4</attwidth><atnumdec Sync="TRUE">1</atnumdec></attr>
			<attr>
				<attrlabl Sync="TRUE">RENT_VAC</attrlabl>
				<attalias Sync="TRUE">RENT_VAC</attalias><attrtype Sync="TRUE">Number</attrtype><attwidth Sync="TRUE">4</attwidth><atnumdec Sync="TRUE">1</atnumdec></attr>
			<attr>
				<attrlabl Sync="TRUE">TOTAL_HOUS</attrlabl>
				<attalias Sync="TRUE">TOTAL_HOUS</attalias><attrtype Sync="TRUE">Number</attrtype><attwidth Sync="TRUE">7</attwidth></attr>
			<attr>
				<attrlabl Sync="TRUE">OWNER_OCC</attrlabl>
				<attalias Sync="TRUE">OWNER_OCC</attalias><attrtype Sync="TRUE">Number</attrtype><attwidth Sync="TRUE">7</attwidth></attr>
			<attr>
				<attrlabl Sync="TRUE">RENTER_OCC</attrlabl>
				<attalias Sync="TRUE">RENTER_OCC</attalias><attrtype Sync="TRUE">Number</attrtype><attwidth Sync="TRUE">6</attwidth></attr>
			<attr>
				<attrlabl Sync="TRUE">AV_OWN_SIZ</attrlabl>
				<attalias Sync="TRUE">AV_OWN_SIZ</attalias><attrtype Sync="TRUE">Number</attrtype><attwidth Sync="TRUE">4</attwidth><atnumdec Sync="TRUE">2</atnumdec></attr>
			<attr>
				<attrlabl Sync="TRUE">AV_RENT_SI</attrlabl>
				<attalias Sync="TRUE">AV_RENT_SI</attalias><attrtype Sync="TRUE">Number</attrtype><attwidth Sync="TRUE">4</attwidth><atnumdec Sync="TRUE">2</atnumdec></attr>
		</detailed>
	</eainfo>
	<distinfo>
		<resdesc>Downloadable Data</resdesc>
		<stdorder>
			<digform>
				<digtinfo>
					<transize>0.116</transize>
					<dssize Sync="TRUE">2.231</dssize></digtinfo>
			</digform>
		</stdorder>
	</distinfo>
	<metainfo>
		<metd Sync="TRUE">20090409</metd>
		<metc>
			<cntinfo>
				<cntorgp>
					<cntorg>Center for Advanced Applications in GIS, Purdue University</cntorg>
					<cntper>Larry Theller</cntper>
				</cntorgp>
				<cntpos>GIS Specialist</cntpos>
				<cntaddr>
					<addrtype>mailing and physical address</addrtype>
					<address>ABE 1146 Purdue University</address>
					<city>West Lafayette</city>
					<state>IN</state>
					<postal>47907-1146</postal>
					<country>United States</country>
				</cntaddr>
				<cntvoice>765-494-5954</cntvoice>
				<cntemail>caagis@ecn.purdue.edu</cntemail>
				<hours>M - F, 9-5 EST</hours>
			</cntinfo>
		</metc>
		<metstdn Sync="TRUE">FGDC Content Standards for Digital Geospatial Metadata</metstdn>
		<metstdv Sync="TRUE">FGDC-STD-001-1998</metstdv>
		<mettc Sync="TRUE">local time</mettc>
		<metextns>
			<onlink>http://www.esri.com/metadata/esriprof80.html</onlink>
			<metprof>ESRI Metadata Profile</metprof>
		</metextns>
		<langmeta Sync="TRUE">en</langmeta><metextns><onlink Sync="TRUE">http://www.esri.com/metadata/esriprof80.html</onlink><metprof Sync="TRUE">ESRI Metadata Profile</metprof></metextns></metainfo>
	<Esri><CreaDate>20140630</CreaDate><CreaTime>16044000</CreaTime><SyncOnce>FALSE</SyncOnce><SyncDate>20090409</SyncDate><SyncTime>10323800</SyncTime><ModDate>20090409</ModDate><ModTime>10323800</ModTime><ArcGISFormat>1.0</ArcGISFormat></Esri><dataqual><lineage><procstep><date Sync="TRUE">20020812</date><time Sync="TRUE">15213000</time></procstep></lineage></dataqual><dataIdInfo><envirDesc Sync="TRUE">Microsoft Windows XP Version 5.1 (Build 2600) Service Pack 2; ESRI ArcCatalog 9.2.6.1500</envirDesc><dataLang><languageCode Sync="TRUE" value="en"></languageCode></dataLang><idCitation><resTitle Sync="TRUE">townships_00</resTitle><presForm><PresFormCd Sync="TRUE" value="005"></PresFormCd></presForm></idCitation><spatRpType><SpatRepTypCd Sync="TRUE" value="001"></SpatRepTypCd></spatRpType><geoBox esriExtentType="decdegrees"><westBL Sync="TRUE">-88.161393</westBL><eastBL Sync="TRUE">-84.688249</eastBL><northBL Sync="TRUE">41.781172</northBL><southBL Sync="TRUE">37.755395</southBL><exTypeCode Sync="TRUE">1</exTypeCode></geoBox><dataExt><geoEle><GeoBndBox esriExtentType="native"><westBL Sync="TRUE">403477.788258</westBL><eastBL Sync="TRUE">692183.678471</eastBL><northBL Sync="TRUE">4625480.442241</northBL><southBL Sync="TRUE">4180917.009107</southBL><exTypeCode Sync="TRUE">1</exTypeCode></GeoBndBox></geoEle></dataExt></dataIdInfo><mdLang><languageCode Sync="TRUE" value="en"></languageCode></mdLang><mdStanName Sync="TRUE">ISO 19115 Geographic Information - Metadata</mdStanName><mdStanVer Sync="TRUE">DIS_ESRI1.0</mdStanVer><mdChar><CharSetCd Sync="TRUE" value="004"></CharSetCd></mdChar><mdHrLv><ScopeCd Sync="TRUE" value="005"></ScopeCd></mdHrLv><mdHrLvName Sync="TRUE">dataset</mdHrLvName><distInfo><distributor><distorTran><onLineSrc><orDesc Sync="TRUE">002</orDesc><linkage Sync="TRUE">file://\\128.46.161.85\abegis\indiana\census2000\townships_00.shp</linkage><protocol Sync="TRUE">Local Area Network</protocol></onLineSrc><transSize Sync="TRUE">2.231</transSize></distorTran><distorFormat><formatName Sync="TRUE">Shapefile</formatName></distorFormat></distributor></distInfo><spref><horizsys><cordsysn><geogcsn Sync="TRUE">GCS_North_American_1983</geogcsn><projcsn Sync="TRUE">NAD_1983_UTM_Zone_16N</projcsn></cordsysn><planar><planci><plance Sync="TRUE">coordinate pair</plance><plandu Sync="TRUE">meters</plandu><coordrep><absres Sync="TRUE">0.000000</absres><ordres Sync="TRUE">0.000000</ordres></coordrep></planci><gridsys><gridsysn Sync="TRUE">Universal Transverse Mercator</gridsysn><utm><utmzone Sync="TRUE">16</utmzone><transmer><sfctrmer Sync="TRUE">0.999600</sfctrmer><longcm Sync="TRUE">-87.000000</longcm><latprjo Sync="TRUE">0.000000</latprjo><feast Sync="TRUE">500000.000000</feast><fnorth Sync="TRUE">0.000000</fnorth></transmer></utm></gridsys></planar><geodetic><horizdn Sync="TRUE">North American Datum of 1983</horizdn><ellips Sync="TRUE">Geodetic Reference System 80</ellips><semiaxis Sync="TRUE">6378137.000000</semiaxis><denflat Sync="TRUE">298.257222</denflat></geodetic></horizsys></spref><refSysInfo><RefSystem><refSysID><identCode Sync="TRUE">NAD_1983_UTM_Zone_16N</identCode></refSysID></RefSystem></refSysInfo><spatRepInfo><VectSpatRep><topLvl><TopoLevCd Sync="TRUE" value="001"></TopoLevCd></topLvl><geometObjs Name="townships_00"><geoObjTyp><GeoObjTypCd Sync="TRUE" value="001"></GeoObjTypCd></geoObjTyp><geoObjCnt Sync="TRUE">1009</geoObjCnt></geometObjs></VectSpatRep></spatRepInfo><mdDateSt Sync="TRUE">20090409</mdDateSt></metadata>
