GridCode,landuse,CN-A,CN-B,CN-C,CN-D
11,Open water,111000,211000,311000,411000
12,Perennial Ice/Snow,112100,212100,312100,412100
21,Developed Open Space,121039,221061,321074,421080
22,Developed Low Intensity,122056,222071,322081,422086
23,Developed Medium Intensity,123069,223081,323087,423090
24,Developed High Intensity,124089,224092,324094,424095
31,Barren Land,131077,231086,331091,431094
32,Unconsolidated Shore,132100,232100,332100,432100
41,Deciduous Forest,141030,241055,341070,441077
42,Evergreen Forest,142030,242055,342070,442077
43,Mixed Forest,143030,243055,343070,443077
51,Dwarf Scrub,151030,251055,351070,451077
52,Scrub/Shrub,152030,252055,352070,452077
71,Grassland/Herbaceous,171030,271058,371071,471078
72,Sedge Herbaceous,172030,272058,372071,472078
81,Pasture/Hay,181039,281061,381074,481080
82,Cultivated Crops,182064,282075,382082,482085
90,Woody Wetlands,190085,290085,390090,490092
91,Palustrine Forested Wetland,191030,291055,391070,491077
92,Palustrine Scrub/Shrub,192000,292000,392000,492000
93,Estuarine Forested Wetlands,193030,293055,393070,493077
94,Estuarine Scrub/Shrub,194000,294000,394000,494000
95,Emergent Herbaceous Wetland,195077,295077,395084,495090
96,Palustrine Emergent Wetland (Persistent),196000,296000,396000,496000
97,Palustrine Emergent Wetland,197000,297000,397000,497000
98,Palustrine Aquatic Bed,198000,298000,398000,498000
99,Estuarine Aquatic Bed,199000,299000,399000,499000
