GridCode,landuse,CN-A,CN-B,CN-C,CN-D,EMC-TSS(mg/L),EMC-TP(mg/L),EMC-TN(mg/L),EMC-TLead(ug/L),EMC-TCopper(ug/L),EMC-TZinc(ug/L),E-coli(MPN/100mL)
11,Open water,0,0,0,0,41,0.57,1.82,9,15,80,21813
12,Perennial Ice/Snow,0,0,0,0,41,0.57,1.82,9,15,80,21813
21,Developed Open Space,77,86,91,94,57.9,0.35,1.86,12,13.9,141,10931.33
22,Developed Low Intensity,46,65,77,82,41,0.57,1.82,9,15,80,10931.33
23,Developed Medium Intensity,62,75,84,87,41,0.57,1.82,9,15,80,10931.33
24,Developed High Intensity,77,85,90,92,41,0.57,1.82,9,15,80,10931.33
31,Barren Land,77,86,91,94,57.9,0.35,1.86,12,13.9,141,10931.33
32,Unconsolidated Shore,0,0,0,0,41,0.57,1.82,9,15,80,21813
41,Deciduous Forest,45,66,75,83,57.9,0.22,1.57,11,11,60,3750
42,Evergreen Forest,45,66,75,83,57.9,0.22,1.57,11,11,60,3750
43,Mixed Forest,45,66,75,83,57.9,0.22,1.57,11,11,60,3750
51,Dwarf Scrub,45,66,75,83,57.9,0.22,1.57,11,11,60,3750
52,Scrub/Shrub,45,66,75,83,57.9,0.22,1.57,11,11,60,3750
71,Grassland/Herbaceous,68,79,86,89,73.5,0.22,1.86,11,11,60,3750
72,Sedge Herbaceous,68,79,86,89,73.5,0.22,1.86,11,11,60,3750
81,Pasture/Hay,68,79,86,89,73.5,0.22,1.86,11,11,60,3750
82,Cultivated Crops,64,75,82,85,107,1.3,4.4,1.5,1.5,16,188
90,Woody Wetlands,0,0,0,0,0,0,0,0,0,0,0
91,Palustrine Forested Wetland,0,0,0,0,0,0,0,0,0,0,0
92,Palustrine Scrub/Shrub,0,0,0,0,0,0,0,0,0,0,0
93,Estuarine Forested Wetlands,0,0,0,0,0,0,0,0,0,0,0
94,Estuarine Scrub/Shrub,0,0,0,0,0,0,0,0,0,0,0
95,Emergent Herbaceous Wetland,0,0,0,0,0,0,0,0,0,0,0
96,Palustrine Emergent Wetland (Persistent),0,0,0,0,0,0,0,0,0,0,0
97,Palustrine Emergent Wetland,0,0,0,0,0,0,0,0,0,0,0
98,Palustrine Aquatic Bed,0,0,0,0,0,0,0,0,0,0,0
99,Estuarine Aquatic Bed,0,0,0,0,0,0,0,0,0,0,0
